LOCATION,0:00,0:15,0:30,0:45,1:00,1:15,1:30,1:45,2:00,2:15,2:30,2:45,3:00,3:15,3:30,3:45,4:00,4:15,4:30,4:45,5:00,5:15,5:30,5:45,6:00,6:15,6:30,6:45,7:00,7:15,7:30,7:45,8:00,8:15,8:30,8:45,9:00,9:15,9:30,9:45,10:00,10:15,10:30,10:45,11:00,11:15,11:30,11:45,12:00,12:15,12:30,12:45,13:00,13:15,13:30,13:45,14:00,14:15,14:30,14:45,15:00,15:15,15:30,15:45,16:00,16:15,16:30,16:45,17:00,17:15,17:30,17:45,18:00,18:15,18:30,18:45,19:00,19:15,19:30,19:45,20:00,20:15,20:30,20:45,21:00,21:15,21:30,21:45,22:00,22:15,22:30,22:45,23:00,23:15,23:30,23:45
WARRIGAL_RD N of HIGH STREET_RD,86,83,52,58,59,44,31,37,30,24,16,24,25,25,15,6,21,17,15,15,16,21,27,21,25,32,61,48,56,66,77,79,67,93,103,130,154,149,210,229,250,246,266,254,300,275,322,292,315,314,308,280,357,298,281,289,345,297,233,227,273,225,265,257,233,244,259,264,265,253,243,210,216,202,177,169,167,136,131,128,118,121,87,113,142,112,114,97,97,66,81,50,59,47,29,34
WARRIGAL_RD N of HIGH STREET_RD,116,86,81,65,65,51,38,36,37,18,27,18,15,15,13,20,14,17,13,14,15,19,20,25,38,47,87,101,81,87,87,93,93,123,121,146,162,198,262,250,237,255,264,300,294,328,296,361,317,376,346,338,280,347,295,321,302,293,276,270,297,297,254,306,246,263,275,246,289,243,279,235,199,232,173,159,172,142,163,139,128,111,119,132,109,116,112,92,96,82,80,64,64,48,48,43
WARRIGAL_RD N of HIGH STREET_RD,97,86,72,74,59,44,32,32,29,31,22,27,25,14,18,17,15,22,24,11,19,23,22,32,44,56,59,69,47,70,91,73,90,109,118,126,162,211,272,290,255,224,282,268,283,292,298,318,297,325,342,360,302,303,320,318,335,309,289,311,288,320,273,315,278,252,288,260,268,242,247,200,195,243,177,174,146,155,136,27,132,110,123,121,113,124,112,94,111,93,78,47,37,49,37,41
WARRIGAL_RD N of HIGH STREET_RD,107,100,71,70,60,61,34,29,42,35,29,25,23,17,26,16,17,11,8,15,9,18,17,24,35,34,71,66,53,68,76,66,77,102,136,149,143,158,244,279,258,241,266,271,310,307,291,310,279,302,340,309,346,341,332,392,279,338,316,306,294,327,293,286,270,254,260,289,292,287,227,236,221,202,210,196,160,172,148,151,145,138,106,125,125,112,102,105,108,99,76,65,56,49,47,28
WARRIGAL_RD N of HIGH STREET_RD,94,103,102,82,47,53,36,0,0,0,0,34,32,38,35,25,28,24,31,17,30,32,16,20,31,46,49,53,49,57,74,75,81,79,87,119,119,149,178,236,194,203,232,272,287,282,316,280,308,314,354,340,303,345,321,316,297,331,354,330,323,330,348,318,298,346,301,266,257,250,267,233,252,267,214,205,195,154,147,155,143,120,132,151,153,132,129,115,97,105,82,66,72,39,52,48
HIGH STREET_RD E of WARRIGAL_RD,37,30,26,29,14,20,14,10,10,8,10,7,5,14,6,10,10,6,8,7,8,4,13,14,14,16,36,22,27,21,38,53,37,46,74,69,67,73,133,117,121,129,142,112,129,164,130,139,163,141,152,149,134,155,118,124,132,108,143,122,127,126,114,121,134,140,116,146,124,157,136,153,133,138,109,96,100,62,74,72,73,44,55,43,68,48,47,30,31,35,30,31,12,14,13,13
HIGH STREET_RD E of WARRIGAL_RD,40,36,22,16,25,28,20,14,7,15,10,6,10,12,4,6,3,6,2,8,10,12,9,18,21,26,31,39,29,33,37,59,46,70,75,85,95,98,133,126,121,131,120,128,135,126,125,143,125,153,143,133,159,139,145,122,138,109,120,138,114,127,126,114,124,123,132,131,125,170,157,136,163,125,119,127,100,87,55,71,58,71,49,58,67,54,53,45,27,25,30,20,23,21,20,5
HIGH STREET_RD E of WARRIGAL_RD,29,29,29,28,18,19,21,10,16,16,14,13,9,12,5,5,8,9,15,10,18,7,10,11,14,31,44,33,22,30,33,61,49,45,77,97,82,105,135,109,138,117,144,124,140,145,129,134,136,147,166,149,162,144,123,107,140,121,160,115,152,120,152,119,126,143,143,158,145,134,141,154,132,136,118,100,76,82,86,0,65,76,54,63,64,60,56,42,35,25,28,27,22,12,14,14
HIGH STREET_RD E of WARRIGAL_RD,40,34,34,16,24,26,13,13,11,10,5,11,9,11,12,4,13,10,3,7,14,6,7,12,16,28,28,33,21,31,30,46,43,47,57,93,86,77,119,143,119,122,110,119,128,140,136,122,144,142,149,156,153,143,153,150,147,108,140,134,114,133,118,135,124,146,147,140,165,155,145,155,133,137,118,97,88,87,73,64,67,45,43,73,57,52,34,38,30,26,35,19,21,16,10,7
HIGH STREET_RD E of WARRIGAL_RD,37,32,28,14,16,7,17,0,0,0,0,11,10,12,14,13,7,13,4,6,10,7,13,10,18,19,23,33,22,22,33,46,39,42,66,73,67,88,91,110,91,110,113,113,125,112,116,148,135,156,151,151,155,132,120,114,130,133,108,162,127,155,134,124,134,128,160,167,132,184,147,143,125,113,106,110,82,94,69,72,78,71,66,60,66,43,53,49,41,35,29,25,19,13,19,12
WARRIGAL_RD S of HIGH STREET_RD,92,93,90,55,64,50,47,36,34,36,34,24,34,28,19,20,22,24,18,10,13,22,14,34,17,39,53,48,31,47,51,46,59,60,81,111,114,112,134,145,154,188,197,200,191,218,250,292,294,301,245,298,292,256,275,295,309,278,293,321,264,262,276,280,269,346,336,333,361,375,333,319,279,246,195,167,164,168,135,105,120,118,110,111,104,125,95,117,87,82,55,58,57,51,41,41
WARRIGAL_RD S of HIGH STREET_RD,108,119,89,73,71,57,64,54,38,43,38,36,33,27,16,28,17,21,13,20,10,14,21,25,25,26,48,49,33,47,61,49,66,81,64,107,100,127,151,170,154,208,154,222,185,266,260,276,319,331,311,295,300,344,305,302,340,311,341,304,320,338,261,361,299,364,353,342,421,338,403,304,281,291,218,193,167,164,133,125,112,122,102,120,108,112,94,66,71,82,68,74,59,52,34,23
WARRIGAL_RD S of HIGH STREET_RD,115,111,84,85,71,56,62,51,33,41,35,42,40,26,30,24,15,16,17,13,23,21,31,33,28,33,35,30,28,44,42,53,65,63,86,106,115,127,147,173,156,187,199,217,231,252,285,265,349,329,321,316,329,294,288,316,292,331,282,349,303,313,310,346,329,345,388,324,371,427,377,331,268,252,203,178,172,202,153,162,120,121,117,117,132,111,118,93,101,81,72,66,56,55,40,43
WARRIGAL_RD S of HIGH STREET_RD,111,107,84,75,60,67,47,35,37,31,35,31,27,29,26,18,29,22,24,14,14,21,29,18,26,26,51,44,47,40,61,63,73,91,84,111,113,110,159,189,167,188,188,226,228,245,230,318,320,310,349,332,332,318,245,329,249,340,307,302,324,270,276,348,335,337,349,359,444,383,416,322,321,272,230,231,177,155,162,140,124,121,107,128,118,110,104,87,77,75,76,63,64,47,29,39
WARRIGAL_RD S of HIGH STREET_RD,141,120,96,79,61,59,45,0,0,0,0,38,43,36,40,35,26,28,24,18,22,13,23,16,25,27,37,43,34,39,52,40,42,66,82,81,95,108,111,127,145,163,183,183,190,249,301,346,293,314,309,269,296,300,263,312,250,289,318,299,300,331,345,331,321,367,368,370,403,405,403,360,317,279,258,193,139,163,115,148,151,131,110,124,113,102,107,117,98,83,79,70,63,50,52,45
HIGH STREET_RD W of WARRIGAL_RD,47,42,31,34,40,28,27,18,11,10,15,19,10,14,18,11,8,15,14,8,10,11,6,9,10,22,30,22,23,28,35,34,37,50,46,66,75,90,116,158,138,163,145,178,165,165,148,203,224,211,175,185,150,176,146,157,175,156,147,135,157,174,173,142,155,167,176,155,161,175,149,144,129,118,133,99,101,80,87,95,67,50,57,41,64,59,44,48,42,33,34,34,25,22,22,23
HIGH STREET_RD W of WARRIGAL_RD,67,53,44,36,34,33,30,22,26,18,21,18,13,12,15,6,14,13,11,5,8,7,8,9,9,9,12,20,21,21,53,40,48,44,49,59,65,64,136,142,163,146,150,159,191,180,189,211,191,192,173,163,178,158,202,163,172,162,155,180,147,153,179,132,122,109,118,117,98,115,107,102,90,86,86,72,61,56,35,49,79,61,82,52,45,67,33,19,35,18,24,33,24,18,8,17
HIGH STREET_RD W of WARRIGAL_RD,66,47,55,30,30,26,29,22,30,25,15,17,19,15,17,13,11,12,6,12,7,11,8,14,16,24,19,23,33,25,38,34,41,69,68,103,96,103,115,148,152,169,154,179,152,192,195,204,200,193,174,210,174,164,203,153,216,160,184,134,146,145,165,163,137,215,118,189,164,162,169,161,122,125,113,131,92,95,106,0,102,80,78,59,57,73,51,46,48,53,35,35,29,21,20,19
HIGH STREET_RD W of WARRIGAL_RD,60,46,36,36,32,34,27,21,21,17,18,13,24,16,13,16,18,8,12,7,11,8,3,10,13,21,23,35,29,33,28,34,52,53,62,78,86,109,127,136,135,141,140,123,112,117,146,121,200,182,168,203,152,187,169,155,171,182,172,154,133,185,168,157,174,140,187,153,90,105,111,145,127,131,123,120,89,118,95,76,64,57,63,63,44,52,50,41,40,56,33,25,31,21,10,14
HIGH STREET_RD W of WARRIGAL_RD,52,44,47,38,26,20,16,0,0,0,0,19,14,22,20,16,12,16,7,15,12,10,12,13,7,13,22,15,29,29,37,35,29,54,54,49,67,78,93,115,95,142,158,151,135,146,158,182,184,191,150,177,160,143,191,146,153,163,162,191,162,164,158,167,180,160,149,160,149,160,146,156,121,120,130,96,84,97,88,103,91,85,74,72,78,57,63,47,54,43,38,29,31,31,22,23
